id,seq_codes,sequence,seqlen,subunits
AzoV.Nif.DKHH,K.Nif.Azotobacter/D.Nif.Azotobacter/H.Nif.Azotobacter/H2.Nif.Azotobacter,MSQQVDKIKASYPLFLDQDYKDMLAKKRDGFEEKYPQDKIDEVFQWTTTKEYQELNFQREALTVNPAKACQPLGAVLCALGFEKTMPYVHGSQGCVAYFRSYFNRHFREPVSCVSDSMTEDAAVFGGQQNMKDGLQNCKATYKPDMIAVSTTCMAEVIGDDLNAFINNSKKEGFIPDEFPVPFAHTPSFVGSHVTGWDNMFEGIARYFTLKSMDDKVVGSNKKINIVPGFETYLGNFRVIKRMLSEMGVGYSLLSDPEEVLDTPADGQFRMYAGGTTQEEMKDAPNALNTVLLQPWHLEKTKKFVEGTWKHEVPKLNIPMGLDWTDEFLMKVSEISGQPIPASLTKERGRLVDMMTDSHTWLHGKRFALWGDPDFVMGLVKFLLELGCEPVHILCHNGNKRWKKAVDAILAASPYGKNATVYIGKDLWHLRSLVFTDKPDFMIGNSYGKFIQRDTLHKGKEFEVPLIRIGFPIFDRHHLHRSTTLGYEGAMQILTTLVNSILERLDEETRGMQATDYNHDLVR:MTGMSREEVESLIQEVLEVYPEKARKDRNKHLAVNDPAVTQSKKCIISNKKSQPGLMTIRGCAYAGSKGVVWGPIKDMIHISHGPVGCGQYSRAGRRNYYIGTTGVNAFVTMNFTSDFQEKDIVFGGDKKLAKLIDEVETLFPLNKGISVQSECPIGLIGDDIESVSKVKGAELSKTIVPVRCEGFRGVSQSLGHHIANDAVRDWVLGKRDEDTTFASTPYDVAIIGDYNIGGDAWSSRILLEEMGLRCVAQWSGDGSISEIELTPKVKLNLVHCYRSMNYISRHMEEKYGIPWMEYNFFGPTKTIESLRAIAAKFDESIQKKCEEVIAKYKPEWEAVVAKYRPRLEGKRVMLYIGGLRPRHVIGAYEDLGMEVVGTGYEFAHNDDYDRTMKEMGDSTLLYDDVTGYEFEEFVKRIKPDLIGSGIKEKFIFQKMGIPFRQMHSWDYSGPYHGFDGFAIFARDMDMTLNNPCWKKLQAPWEASEGAEKVAASA:MAMRQCAIYGKGGIGKSTTTQNLVAALAEMGKKVMIVGCDPKADSTRLILHSKAQNTIMEMAAEAGTVEDLELEDVLKAGYGGVKCVESGGPEPGVGCAGRGVITAINFLEEEGAYEDDLDFVFYDVLGDVVCGGFAMPIRENKAQEIYIVCSGEMMAMYAANNISKGIVKYANSGSVRLGGLICNSRNTDREDELIIALANKLGTQMIHFVPRDNVVQRAEIRRMTVIEYDPKAKQADEYRALARKVVDNKLLVIPNPITMDELEELLMEFGIMEVEDESIVGKTAEEV:MAMRQCAIYGKGGIGKSTTTQNLVAALAEMGKKVMIVGCDPKADSTRLILHSKAQNTIMEMAAEAGTVEDLELEDVLKAGYGGVKCVESGGPEPGVGCAGRGVITAINFLEEEGAYEDDLDFVFYDVLGDVVCGGFAMPIRENKAQEIYIVCSGEMMAMYAANNISKGIVKYANSGSVRLGGLICNSRNTDREDELIIALANKLGTQMIHFVPRDNVVQRAEIRRMTVIEYDPKAKQADEYRALARKVVDNKLLVIPNPITMDELEELLMEFGIMEVEDESIVGKTAEEV,1595,4
AzoV.Vnf.GDKHH,K.Vnf.Azotobacter/D.Vnf.Azotobacter/G.Vnf.Azotobacter/H.Vnf.Azotobacter/H2.Vnf.Azotobacter,MSNCELTVLKPAEVKLSPRDREGIINPMYDCQPAGAQYAGIGIKDCIPLVHGGQGCTMFVRLLFAQHFKENFDVASTSLHEESAVFGGAKRVEEGVLVLARRYPNLRVIPIITTCSTEVIGDDIEGSIRVCNRALEAEFPDRKIYLAPVHTPSFKGSHVTGYAECVKSVFKTITDAHGKGQPSGKLNVFPGWVNPGDVVLLKRYFKEMDVEANIYMDTEDFDSPMLPNKSIETHGRTTVEDIADSANALATLSLARYEGNTTGELLQKTFAVPNALVNTPYGIKNTDDMLRKIAEVTGKEIPESLVRERGIALDALADLAHMFFANKKVAIFGHPDLVLGLAQFCMEVELEPVLLLIGDDQGNKYKKDPRIEELKNTAHFDIEIVHNADLWELEKRINAGLQLDLIMGHSKGRYVAIEANIPMVRVGFPTFDRAGLYRKPSIGYQGAMELGEMIANAMFAHMEYTRNKEWILNTW:MPMVLLECDKDIPERQKHIYLKAPNEDTREFLPIANAATIPGTLSERGCAFCGAKLVIGGVLKDTIQMIHGPLGCAYDTWHTKRYPTDNGHFNMKYVWSTDMKESHVVFGGEKRLEKSMHEAFDEMPDIKRMIVYTTCPTALIGDDIKAVAKKVMKDRPDVDVFTVECPGFSGVSQSKGHHVLNIGWINEKVETMEKEITSEYTMNFIGDFNIQGDTQLLQTYWDRLGIQVVAHFTGNGTYDDLRCMHQAQLNVVNCARSSGYIANELKKRYGIPRLDIDSWGFNYMAEGIRKICAFFGIEEKGEELIAEEYAKWKPKLDWYKERLQGKKMAIWTGGPRLWHWTKSVEDDLGVQVVAMSSKFGHEEDFEKVIARGKEGTYYIDDGNELEFFEIIDLVKPDVIFTGPRVGELVKKLHIPYVNGHGYHNGPYMGFEGFVNLARDMYNAVHNPLRHLAAVDIRDKSQTTPVIVRGAA:MSQSHLDDLFAYVEERCLWQFFSRTWDREENIEGVLNQVGRLLTGQEPLRGTPQERLFYADALAMANDVRERFPWASQVNKEEIEFLLDGLKSRLVDVTITRSTNRELNHHLY:MALRQCAIYGKGGIGKSTTTQNLVAALAEAGKKVMIVGCDPKADSTRLILHSKAQGTVMEMAASAGSVEDLELEDVLQIGFGGVKCVESGGPEPGVGCAGRGVITAINFLEEEGAYSDDLDFVFYDVLGDVVCGGFAMPIRENKAQEIYIVCSGEMMAMYAANNIAKGIVKYAHSGSVRLGGLICNSRKTDREDELIMALAAKIGTQMIHFVPRDNVVQHAEIRRMTVIEYDPKAGQADEYRALARKIVDNKLLVIPNPASMEELEELLMEFGIMEVEDESVVGKAAAEG:MALRQCAIYGKGGIGKSTTTQNLVAALAEAGKKVMIVGCDPKADSTRLILHSKAQGTVMEMAASAGSVEDLELEDVLQIGFGGVKCVESGGPEPGVGCAGRGVITAINFLEEEGAYSDDLDFVFYDVLGDVVCGGFAMPIRENKAQEIYIVCSGEMMAMYAANNIAKGIVKYAHSGSVRLGGLICNSRKTDREDELIMALAAKIGTQMIHFVPRDNVVQHAEIRRMTVIEYDPKAGQADEYRALARKIVDNKLLVIPNPASMEELEELLMEFGIMEVEDESVVGKAAAEG,1642,5
AzoV.Anf.GDKHH,K.Anf.Azotobacter/D.Anf.Azotobacter/G.Anf.Azotobacter/H.Anf.Azotobacter/H2.Anf.Azotobacter,MTCEVKEKGRVGTINPIFTCQPAGAQFVSIGIKDCIGIVHGGQGCVMFVRLIFSQHYKESFELASSSLHEDGAVFGACGRVEEAVDVLLSRYPDVKVVPIITTCSTEIIGDDVDGVIKKLNEGLLKEKFPDREVHLIAMHTPSFVGSMISGYDVAVRDVVRHFAKREAPNDKINLLTGWVNPGDVKELKHLLGEMDIEANVLFEIESFDSPILPDGSAVSHGNTTIEDLIDTGNARATFALNRYEGTKAAEYLQKKFEIPAIIGPTPIGIRNTDIFLQNLKKATGKPIPQSLAHERGVAIDALADLTHMFLAEKRVAIYGAPDLVIGLAEFCLDLEMKPVLLLLGDDNSKYVDDPRIKALQENVDYGMEIVTNADFWELENRIKNEGLELDLILGHSKGRFISIDYNIPMLRVGFPTYDRAGLFRYPTVGYGGAIWLAEQMANTLFADMEHKKNKEWVLNVW:MPHHEFECSKVIPERKKHAVIKGKGETLADALPQGYLNTIPGSISERGCAYCGAKHVIGTPMKDVIHISHGPVGCTYDTWQTKRYISDNDNFQLKYTYATDVKEKHIVFGAEKLLKQNIIEAFKAFPQIKRMTIYQTCATALIGDDINAIAEEVMEEMPEVDIFVCNSPGFAGPSQSGGHHKINIAWINQKVGTVEPEITGDHVINYVGEYNIQGDQEVMVDYFKRMGIQVLSTFTGNGSYDGLRAMHRAHLNVLECARSAEYICNELRVRYGIPRLDIDGFGFKPLADSLRKIGMFFGIEDRAKAIIDEEVARWKPELDWYKERLMGKKVCLWPGGSKLWHWAHVIEEEMGLKVVSVYTKFGHQGDMEKGIARCGEGTLAIDDPNELEGLEALEMLKPDIILTGKRPGEVAKKVRVPYLNAHAYHNGPYKGFEGWVRFARDIYNAIYSPIHQLSGIDITKDNAPEWGNGFRTRQMLSDGNLSDAVRNSETLRQYTGGYDSVSKLREREYPAFERKVG:MSTASAAAVVKQKVEAPVHPMDARIDELTDYIMKNCLWQFHSRSWDRERQNAEILKKTKELLCGEPVDLSTSHDRCYWVDAVCLADDYREHYPWINSMSKEEIGSLMQGLKDRMDYLTITGSLNEELSDKHY:MTRKVAIYGKGGIGKSTTTQNTAAALAYFHDKKVFIHGCDPKADSTRLILGGKPQETLMDMLRDKGAEKITNDDVIKKGFLDIQCVESGGPEPGVGCAGRGVITAIDLMEENGAYTDDLDFVFFDVLGDVVCGGFAMPIRDGKAQEVYIVASGEMMAIYAANNICKGLVKYAKQSGVRLGGIICNSRKVDGEREFLEEFTAAIGTKMIHFVPRDNIVQKAEFNKKTVTEFAPEENQAKEYGELARKIIENDEFVIPKPLTMDQLEDMVVKYGIAD:MTRKVAIYGKGGIGKSTTTQNTAAALAYFHDKKVFIHGCDPKADSTRLILGGKPQETLMDMLRDKGAEKITNDDVIKKGFLDIQCVESGGPEPGVGCAGRGVITAIDLMEENGAYTDDLDFVFFDVLGDVVCGGFAMPIRDGKAQEVYIVASGEMMAIYAANNICKGLVKYAKQSGVRLGGIICNSRKVDGEREFLEEFTAAIGTKMIHFVPRDNIVQKAEFNKKTVTEFAPEENQAKEYGELARKIIENDEFVIPKPLTMDQLEDMVVKYGIAD,1662,5
MetA.Nif.DKHH,K.Nif.Methanosarcina/D.Nif.Methanosarcina/H.Nif.Methanosarcina/H2.Nif.Methanosarcina,MLDYTPCEEVERSAITINPAKICQPIGAVYAALGVHNCMPHSHGSQGCLSYLRMCLSRHYREAALATTSSFSEGTAVFGGAANLKEALVNLTTVYQPEVIAIHTTCVAETIGDDVGVILEDVSAEELIDPSIKICAASTPSYVGTHITGYDNMVKSFVTTFASKSKPNGKLNIIPGFVEPADIREIKRILSIMGISSIVFPDTTDVFDAPLTKEHTFYPKGGTPIGDIEDSANSLGTIALCRMAGGAAAKILESRYKVPAKIGPTPIGIRNTDRFIMNAAKLANVAIPPELEDERGRLVDMMTDAHPHYHGKKVAIYGDPDILSGLTSLVLEMGMEPSVVLTGTQNSEFEKEIEALIGSEYPDADIISGGDLFMLHQIIKRKPVDLLIGNTYGKFISRAEDVPLVRVGFPIMDRANLHYFPIMGYAGAARLVERIGNTLLDRKDRDAPDWLLETIQ:MGAEIEDKQLIVDNILKVLPEKAARDRRKHIVVRDCAAEQHIEADDKVIPGILTNRGCAFAGTKGVVFGPIKDMVHLVHGPIGCAYFTWGTRRNLAKAEEGEDNYMNYSVCTDMKETDIVFGGEKKLKKAIDEVVKIFNPGAITICATCPVGLIGDDIESVAREAEEEHGIKVIPARCEGYRGVSQSAGHHIASNSLMEHLIGTEDIKDPTPFDINIFGEYNIGGDLWEIKPILEKIGYRIISSLTGDGSFHKISQAHQAKLSILLCHRSINYTNRMMEEKYGVPWLKVNYIGTKGTEKSLRKMAEFFDDPELTRKTEEVIAEEKAKYADEIERYREKLQGKTAFIYAGGSRSHHYINLFEELGMKVVVAGYQFAHRDDYEGRQIIPHIKEKALGSILEDVHYEREENFKPSINAERITELKEKIGLMDYEGLFPEMKDGTIVVDDLNHHETEFLVKALKPDIFCSGIKDKYWAQKIGVPSRQIHSYDYSGRYTGFSGVLNFARDIDMAIHSPTWRFINPPWKGEGAE:MRQIAIYGKGGIGKSTTTQNLTAALSTMGNNILLVGCDPKADSTRMLLGGLNQKTVLDTLRSEGDEGIDLDTVLQPGFGGIKCVESGGPEPGVGCAGRGIITSIGLLENLGAYTDDLDYVFYDVLGDVVCGGFAMPIREGKAKEIYIVASGELMAIYAANNICKGLAKFAKGGARLGGIICNSRKVDGERELLEAFAKKLGSHLIHFVPRDNIVQRAEINRKTVIDFDRESDQAKEYLTLADNVQNNNKLVVPTPLPMEELEAMMVEFGIVEL:MRQIAIYGKGGIGKSTTTQNLTAALSTMGNNILLVGCDPKADSTRMLLGGLNQKTVLDTLRSEGDEGIDLDTVLQPGFGGIKCVESGGPEPGVGCAGRGIITSIGLLENLGAYTDDLDYVFYDVLGDVVCGGFAMPIREGKAKEIYIVASGELMAIYAANNICKGLAKFAKGGARLGGIICNSRKVDGERELLEAFAKKLGSHLIHFVPRDNIVQRAEINRKTVIDFDRESDQAKEYLTLADNVQNNNKLVVPTPLPMEELEAMMVEFGIVEL,1530,4
MetA.Vnf.GDKHH,K.Vnf.Methanosarcina/D.Vnf.Methanosarcina/G.Vnf.Methanosarcina/H.Vnf.Methanosarcina/H2.Vnf.Methanosarcina,MSCELMLKERTGIINPMYTCQPAGAQYAGIGVKDCIPLVHGGQGCSMFVRLLFAQHFKENFDIASSSLHESAAVFGGAIRVEEAVETLIARYPHLRIIPIITTCSTETIGDDIEGIIRKVNQKIKENHPDRDVKLVAIHTPSYSGSMVTGYDNAISAMVKALAKKGEPSEKLNIFTGWVNPGDVSEIKHILSEMQVDGNILLDTETFDSPIMPDKSAFAYGNTTIEDIADSANALGSIALSRYEGANAATFLKEKFDVPSIVTPTPIGINNTDIFLKNISELTGKPIPESLVIERGKAIDSIVDLAHMFFANKKVAIFGNPDLVFGLAQFCLECELEPVLLLLGDDNSSYKKDPRLKELEEKTNCDMQIIWNADLWELESRIKNKTIDVDLILGHSKGRYIAIDNDIPMVRVGFPTFDRAGLWKYPVIGYKGAEWLAENIANTIFASMENKHDREWIINVW:MPLKLFCCDECIPERKNHVYIKEEGEDTTDFLPLSNIDTIAGSLSERGCSYCGAKLVIGGVIKDCIQMIHGPVGCAYDTWHTKRYPSDNDNFQLKYIWSSDTKEKHIVFGAEKQLKKAIMEAFQEFPAIKRMFVYTTCTTALIGDNPKAVCREVQEELEDVDIFVVECPGFAGVSQSKGHHELNIGWMRDKIGTLEPEITSEYTINVIGDYNIQGDTYVLQKYLDKMGIQVIAHFTGNVTYDQLRCMHRAKLNVVNCARSAGYIANELKRVYDIPRMDVDTWGFEYVKVALRKIGAFFGLEDKAEEVIAEEVAKYEGKLDWYKERLKGKQICIWTGGPRLWHWTKALEDDLGMEVVAMSSKFGHQEDFEKVIARGRIGTIYIDDGNELEFFEVLDNIHADLIFTGPRVGDLVKKLHIPYINGHAYHNGPYMGFEGAVNMARDMYNAIYSPMWKLAGKDPRETDSPMWSLTEKDSGVVQES:MNEKIEEITALIQERCLWQFFSRSWDREENIEGIMTMTGKILNGEKINLVTPADKAFYSDAKNLAADIQNKMPWISELDKSGILELVEGVKKRLLHITVKKSRNCELNLPNY:MTRKIAFYGKGGIGKSTTQQNTAAAMAYYHGKNVFIHGCDPKADCTRLALGGVPQTTIMDTLRELGEEAVTVDNVVNTGFKGIRCVESGGPEPGVGCAGRGVITAINLMEELGAYSDDLDFVHFDVLGDVVCGGFAMPIREGKAQEVYIVASGEMMATYAANNICKGLLKYAEQSGVRLGGIICNSRKVDNELEMMEEFVSALGTQLIHFVPRDNIVQKAEFNKKTVVEFDPECNQAKEYGKLAKKILENDMFVIPKPLSMDQLEKMVARYGLMD:MTRKIAFYGKGGIGKSTTQQNTAAAMAYYHGKNVFIHGCDPKADCTRLALGGVPQTTIMDTLRELGEEAVTVDNVVNTGFKGIRCVESGGPEPGVGCAGRGVITAINLMEELGAYSDDLDFVHFDVLGDVVCGGFAMPIREGKAQEVYIVASGEMMATYAANNICKGLLKYAEQSGVRLGGIICNSRKVDNELEMMEEFVSALGTQLIHFVPRDNIVQKAEFNKKTVVEFDPECNQAKEYGKLAKKILENDMFVIPKPLSMDQLEKMVARYGLMD,1603,5
MetP.Nif.DKHH,K.Nif.Methanobacterium/D.Nif.Methanobacterium/H.Nif.Methanobacterium/H2.Nif.Methanobacterium,MSGINVIKRERNVIINPLKTCQPLGAMFAVMGVHHGFPLVHGSQGCSTFVRYNFARHFREPAEIAVSSLHEDAAVFGGRKNISSGIKNLAVRFKPDLIGAITTCSSEIIGDDVFGFVDTTKKELKTMSEDNKGLDKIEVIPIATPSFVGNHFTGYDVGVKALVDNLAEPGEPTEKVNIIPGIVNPGDIREIKHILELMGIEGTMLTDTSDPFDSPLRPSVTPTRPYFPKGGTTVDEIRDSANSQGTIAMCKYAGSAATSLEKQHNVPAIIETPPIGLQNTDQFLRNLKKLTDCNIPDSILDERGMLVDLIADNASRYLFDKKVAIFGDPDITTGLARFVGEIGMEPTMVCTGANSNSFPEDMEKISKETGTDIDVLFEQDMRSFEVYIKENPVDLMIGTSDGRLLSLDQGIPLIRAGFPVYDRIGYHRHPIVGYNGAMRLMELITNAVLERYYDPTHWKLQQ:MPYKLFDADKEIPEREKHVYKKHCSDPDGEMPHCNTKTVPGSMTERGCAFAGAKGVITGALKDVLHVVHSPVGCTTYSAGTKRYPTSPDLPDGTKFPIENFNLKYVCGTDIQESDVVFGGMKRLKRSIIEASKEFPEANAIYTYATCTTGLIGDDMDAVAKELTEELGKDVVAFNAPGFAGPSQSKGHHIANHTIFDRLVGTKEPPNTTPYDVGLIGEYNIDGDLWVLESYFKEMGIRILSRFSGDSTHDELCWMHRPKLNLVRCQRSATYIADLIKDKYDVPYIKVDFFSTEYCAENLRTIGKYFGLEKEAEKVIADRMAKVGPELEFYKKKLQGKKVYIFSGGPKSWHLAIPLENELGMDVTAVASQFEHEDGYVKMKKRVDEGVLIVDDPNSLEFEEMIEEDKPDLILAGIKEKYLAHKLGVPSIMIHSYENGPYIGFEGFLNLAKDMYANIYNPVWNLVEFEENPAGEEESKIESGSIEKEDNQVEVAK:MVRKIAIYGKGGIGKSTTTQNTASAMAHFHDKKVMIHGCDPKADSTRMILGGKMQRTMMDTLREDGEEACMVLDNIMSIGYEGIKCVESGGPEPGVGCAGRGVITAITLMEQQKVYEDNDFVFFDVLGDVVCGGFAMPIRDGKAEEIYVVASGEMMALYAANNLCKGMVKYANQSGVRLGGIICNSRNVDGERELLEEFCKKIGTQMIHFVPRDNIVQKAEFNKKTVVDFEPDCNQAHEYEALAGKIINNENFVIPKPMSMDELEEMVVQYGLMD:MVRKIAIYGKGGIGKSTTTQNTASAMAHFHDKKVMIHGCDPKADSTRMILGGKMQRTMMDTLREDGEEACMVLDNIMSIGYEGIKCVESGGPEPGVGCAGRGVITAITLMEQQKVYEDNDFVFFDVLGDVVCGGFAMPIRDGKAEEIYVVASGEMMALYAANNLCKGMVKYANQSGVRLGGIICNSRNVDGERELLEEFCKKIGTQMIHFVPRDNIVQKAEFNKKTVVDFEPDCNQAHEYEALAGKIINNENFVIPKPMSMDELEEMVVQYGLMD,1505,4
Anc262.GDKHH,K.Anc262.Anc/D.Anc262.Anc/G.Anc262.Anc/H.Anc262.Anc/H2.Anc262.Anc,MSCTVKQKERTGIINPMYTCQPCGAQYASIGIKDCIPLVHGGQGCSMFVRLLFAQHFKENFDIASSSLHEDAAVFGGVKRVEEGVEVLVQRYPDLRIIPIITTCSTEIIGDDIEGVIRKINRMLKKEFPDREVHLVPVHTPSFKGSHVSGYDVAVKALVKTLAKKGEPNGKLNIFTGWVNPGDVTEIKHILKEMGVDATILMDTESFDSPMMPDKSAFSHGSTTVEDIADSANALGTIALCRYEGGSAAQYLQDKFDVPAVIGPTPIGIKNTDTFLQNISKLTGKPIPESLVRERGRAIDALADLAHMFFADKKVAIYGNPDLVIGLAQFCLEVELQPVLLLLGDDNSAYAKDPRIAELEKKVDFDMEIIWNADLWELERRIKNKEIELDLIMGHSKGRYVAIDNNIPMVRVGFPTFDRAGLYRHPVIGYKGAIWLAETIANTLFADMEYKHDREWILNVW:MPLKLFKCDETIPEREKHCYIKAPGEDTTQYLPLSNVATIPGTLSERGCSYCGAKLVIGGVLKDTIQMIHGPVGCAYDTWHTKRYPSDNDNFQLKYVWSTDMKEKHIVFGGEKQLKKSIIEAFDEMPDIKRMFIYTTCATALIGDDPKAVAKEVMEELPDVDIFVVECPGFAGVSQSKGHHVLNIGWMNEKVGTFEPEITSPYTINFIGDYNIQGDTYVLEKYFERMGIQVIAHFTGNATYDDLRGMHRAQLNVVNCARSAGYIANELKKRYGIPRLDIDSWGFDYMAEGLRKIGAFFGLEDKAEEIIAEETAKWKPKLDWYKERLKGKKMCIWTGGPRLWHWTKAVEDDLGVEVVAMSSKFGHQEDFEKVIARGREGTIYIDDANELEFFEVIEMVKPDIIFTGPRVGDLVKKLHIPYINGHAYHNGPYMGFEGFVNMARDMYNAIYSPLWKLAGQDIREAASAQLKEAA:MKDKVEELFDYIQERCLWQFYSRSWDREENIEGILDKTAALLTGEKVVMETPQDRCFYADAKILAADFKKKFPWLKELDKSEIKELMEGVKERLIDITITKSLNEELNVPNY:MTRKIAFYGKGGIGKSTTQQNTAAAMAHFYDKKVFIHGCDPKADSTRLILGGKPQETLMDTLREEGEDKITVEKVVKTGFGGIRCVESGGPEPGVGCAGRGVITAINLMEELGAYTEDLDFVFFDVLGDVVCGGFAMPIRDGKAQEVYIVASGEMMAIYAANNICKGLLKYADQSGVRLGGIICNSRNVDNELELMEEFTTALGTQMIHFVPRDNIVQKAEFNKKTVIEYDPECNQAKEYGELARKIIENDNFVIPKPLSMDELEKMVVKYGLMD:MTRKIAFYGKGGIGKSTTQQNTAAAMAHFYDKKVFIHGCDPKADSTRLILGGKPQETLMDTLREEGEDKITVEKVVKTGFGGIRCVESGGPEPGVGCAGRGVITAINLMEELGAYTEDLDFVFFDVLGDVVCGGFAMPIRDGKAQEVYIVASGEMMAIYAANNICKGLLKYADQSGVRLGGIICNSRNVDNELELMEEFTTALGTQMIHFVPRDNIVQKAEFNKKTVIEYDPECNQAKEYGELARKIIENDNFVIPKPLSMDELEKMVVKYGLMD,1594,5
Anc263.GDKHH,K.Anc263.Anc/D.Anc263.Anc/G.Anc263.Anc/H.Anc263.Anc/H2.Anc263.Anc,MSCTVKQKERTGIINPMYTCQPCGAQYASIGIKDCIPLVHGGQGCSMFVRLLFAQHFKENFDIASSSLHEDAAVFGGLKRVEEGVEVLVMRYPDLRIIPIITTCSTEIIGDDIEGLIRKINRLLKKEYPDREVHLVPIHTPSFKGSHVSGYDVAVKALVKTLAKKGEPNGKLNIITGWVNPGDVTEIKHILKEMGVDATILFDTESFDSPLMPDKSAFSHGSTTVEDIADSANALGTIALCRYEGGSAAQYLEDKFDVPAVIGPTPIGIKNTDTFLQNISKLTGKPIPESLVRERGRAIDALADLAHMFFADKKVAIYGNPDLVIGLAQFCLELEMQPVLLLLGDDNSAYAKDPRIKELEKKVDFDMEIIWNADLWELERRIKNKEIELDLIMGHSKGRYVAIDNNIPMVRVGFPTFDRAGLYRHPVIGYKGAIWLAETIANTLFADMEYKHDREWILNVW:MPFKLFKCDECIPEREKHCYIKAPGEDTTQCLPLSNVATIPGTLSERGCAYCGAKHVIGGPLKDVIHMVHGPVGCAYDTWHTKRYPSDNDNFQLKYVWSTDMKEKHIVFGGEKQLKKSIIEAFKEFPDIKRMFIYTTCATALIGDDLKAVAKEVMEELPDVDIFVVNSPGFAGVSQSKGHHVLNIAWMNQKVGTFEPEITSPYTINFIGDYNIQGDTYVLEKYFERMGIQVIATFTGNASYDDLRGMHRAQLNVVNCARSAGYIANELKKRYGIPRLDIDSWGFDYMAESLRKIGAFFGLEDKAEEIIAEETAKWKPKLDWYKERLKGKKICIWTGGPRLWHWTKAVEDELGVEVVAVSSKFGHQEDFEKVIARGREGTLAIDDPNELEFFEVIEMVKPDVIFTGVRVGDLAKKLHIPYINGHAYHNGPYMGFEGFVNLARDMYNAIYSPIWKLAGQDIREAAAPQLKEKA:MKDKVEELVDYIQERCLWQFYSRSWDREENIEGILDKTAALLTGEKVVLETPQDRCFYADAKILAADFKKRFPWLKEMDKSEIKELMEGVKERLIDITITKSLNEELNVPNY:MTRKIAIYGKGGIGKSTTQQNTAAAMAHFYDKKVFIHGCDPKADSTRLILGGKPQETLMDTLREEGEEKITVDKVVKTGFGGIRCVESGGPEPGVGCAGRGVITAINLMEELGAYTEDLDFVFFDVLGDVVCGGFAMPIRDGKAQEVYIVASGEMMAIYAANNICKGLLKYAEQSGVRLGGIICNSRNVDNERELMEEFTTALGTQMIHFVPRDNIVQKAEFNKKTVIEYDPECNQAKEYGELARKIIENDNFVIPKPLSMDELEKMVVKYGLMD:MTRKIAIYGKGGIGKSTTQQNTAAAMAHFYDKKVFIHGCDPKADSTRLILGGKPQETLMDTLREEGEEKITVDKVVKTGFGGIRCVESGGPEPGVGCAGRGVITAINLMEELGAYTEDLDFVFFDVLGDVVCGGFAMPIRDGKAQEVYIVASGEMMAIYAANNICKGLLKYAEQSGVRLGGIICNSRNVDNERELMEEFTTALGTQMIHFVPRDNIVQKAEFNKKTVIEYDPECNQAKEYGELARKIIENDNFVIPKPLSMDELEKMVVKYGLMD,1594,5
Anc264.DKHH,K.Anc264.Anc/D.Anc264.Anc/H.Anc264.Anc/H2.Anc264.Anc,MSETVTKKERTAVINPMKTCQPLGAMYATLGIHRAIPLVHGSQGCSTFVRYTFSRHFREPVEIATSSLHEDAAVFGGRKNLIEGIKNLVARYHPELIGVVTTCSSEIIGDDIEGFIKEAKKELAKKLGEEAADQVKIVPIHTPSFAGSHVKGYDNAVKALVETLAKKGEPNGKINIIPGMVNPGDIREIKHILKLMGVDGIILFDISDTFDSPLRPPKEKPYYPKGGTTVEEIEDSANSLGTIALCRYAGGSAAKYLEKKFNVPAIIGPMPIGVKNTDKFLQNLSKITGKPIPDSLLDERGRLIDAMADVAQYLMGKKVAIYGDPDIVVGLARFVCELGMEPVVVLTGTDSKTFTEDIKEIAKEYGIDMEILFGSDLWELEEYIKEKPVDLILGNSKGRYIAKDMNIPLVRVGFPVYDRVGYHRHPIVGYRGAIWLLDKIVNTILDYKHPHDRLQQ:MPFKLFECDKSIPEREKHTYIKDDTNPCLPACNVKTIPGSMTERGCAFAGAKGVIGGPIKDVIHMVHGPVGCAYYTWGTKRYPSDDNFHLKYVFSTDMQEKDVVFGGEKKLKQSILEAFKEFPEAKAIFIYATCTTGLIGDDLEAVAKEVEEEIGKDVFAFNSPGFAGVSQSKGHHIANTTLFEQIVGTREPEETTPYDINLIGEYNIDGDLWVLKKYFEKMGIRVISTFTGNASYDDLCKMHRAKLNVVHCQRSATYIAQMIKEKYGIPYIKVDLFGIEYTAESLREVGKFFGLEEKAEEVIAEEMAKIKPKLEFYREKLKGKKVMIYTGGPRVWHWTKLMEELGMEVVAVSSTFGHEDDYEKINARAKDGTLVIDDPNELELEEVIEKYKPDLILTGLKEKYLAHKLGVPSINSHSYENGPYMGFEGFVNLARDMYKAIYSPVWKLVEEEESEG:TRKIAIYGKGGIGKSTTTQNTAAAMAHFYGKKVMIHGCDPKADSTRLILGGKPQETMMDTLREEGEEAVTLDKVMKTGFGGIRCVESGGPEPGVGCAGRGVITAINLMEELGAYTDDLDFVFFDVLGDVVCGGFAMPIRDGKAQEIYIVASGEMMALYAANNICKGMVKYAEQSGVRLGGIICNSRNVDGERELLEEFCERLGTQMIHFVPRDNIVQKAEFNKKTVVEFDPDCNQAKEYKELARKIIENDNFVIPKPMTMDELEELVVKYGLLD:TRKIAIYGKGGIGKSTTTQNTAAAMAHFYGKKVMIHGCDPKADSTRLILGGKPQETMMDTLREEGEEAVTLDKVMKTGFGGIRCVESGGPEPGVGCAGRGVITAINLMEELGAYTDDLDFVFFDVLGDVVCGGFAMPIRDGKAQEIYIVASGEMMALYAANNICKGMVKYAEQSGVRLGGIICNSRNVDGERELLEEFCERLGTQMIHFVPRDNIVQKAEFNKKTVVEFDPDCNQAKEYKELARKIIENDNFVIPKPMTMDELEELVVKYGLLD,1460,4
Anc265.DKHH,K.Anc265.Anc/D.Anc265.Anc/H.Anc265.Anc/H2.Anc265.Anc,MSTLVTKKNRTVTINPAKTCQPIGAMYATLGVHRAIPLVQGSQGCSTYVRYTFSRHFREPVEIATSSFHEDAAVFGGRKNLIEGIRNLVARYHPELIGVVTTCSSETIGDDIESFIKEARKELAKELGEEAADQVKIVPIHTPSFAGSHVKGYDNATKAFVETLAKKGEPNGKINIIPGMINPGDIREIKHILKLMGVDGIILFDISDTLDSPLRPPKEKPYYPKGGTTVEEIEDSANSLGTIALCRHAGGSAAKYLERKFNVPAIIGPMPIGVKNTDRFLQNLSKITGKPIPDSLLDERGRLIDAMADTAQYTMGKKVAIFGDPDIVVGVTRFVCELGMEPVVVLTGTPSKTFTEEIKAIAKEYGIDMEILYGSDLWEFEEYVKEKPVDLILGNSKGVYIAKDMNIPLVRVGFPVYDRVGYHRHPIVGYRGSIWLLDKIVNTILDYKYPHDRLQQ:MPFVLLKCDKSIPEREKHTYIKDSENPVLPACNVKTIPGDMTERGCAFAGARGVVGGPIKDVIHMVHGPVGCAYYTWGTRRNLSDNEFHRKYCFSTDMQEKDIVFGGEKKLKQAILEAFEEFPEAKAVFIYATCPTGLIGDDLEAVAKQVEKEIGKPVFAFNSPGFCGVSQSKGHHIANTTLFEQIVGTREPEETTPYDINLIGEYNIDGDLWVIKPLFEKMGIRVISTFTGNASYDDLCKMHRAKLNVVHCQRSATYIAQMIKEKYGIPYIRVSLFGIEQTSKSLREVAKFFGLEEKAEEVIAEEMAKIKPKLEFYREKLEGKRVMIYVGGPRVWHWIKLMEELGMEVVAAATTFGHEDDYEKINARAKDGTLVIDNPNELELEEVIEKYKPDLFLTGLKEKYLAHKLGVPSINSHSYENGPYAGFEGFVNFARDMYKAIYSPVWKLVKEKESKG:TRKIAIYGKGGIGKSTTTQNTAAALAHFYGKKVMIHGCDPKADSTRLILGGKPQETVMDTLREEGEENVTLDKVMKTGFGGIRCVESGGPEPGVGCAGRGVITAINLMEELGAYTDDLDFVFFDVLGDVVCGGFAMPIREGKAQEIYIVASGEMMALYAANNICKGMVKYAEQSGVRLGGIICNSRNVDGERELLEEFCERLGTQMIHFVPRDNIVQKAEFNKKTVVEYDPDCNQAKEYRELARKIIENDNFVIPKPMTMDELEELVVKYGLLD:TRKIAIYGKGGIGKSTTTQNTAAALAHFYGKKVMIHGCDPKADSTRLILGGKPQETVMDTLREEGEENVTLDKVMKTGFGGIRCVESGGPEPGVGCAGRGVITAINLMEELGAYTDDLDFVFFDVLGDVVCGGFAMPIREGKAQEIYIVASGEMMALYAANNICKGMVKYAEQSGVRLGGIICNSRNVDGERELLEEFCERLGTQMIHFVPRDNIVQKAEFNKKTVVEYDPDCNQAKEYRELARKIIENDNFVIPKPMTMDELEELVVKYGLLD,1460,4
Anc330.GDKHH,K.Anc330.Anc/D.Anc330.Anc/G.Anc330.Anc/H.Anc330.Anc/H2.Anc330.Anc,MSCELKEKERAGIINPMYTCQPCGAQYASIGIKDCIALVHGGQGCVMFVRLLFAQHFKENFDIASSSLHEDGAVFGALNRVEEGVDVLLMRYPHVKVVPIITTCSTEVIGDDIDGLIRKLNNGLLKKKYADREVHLIPIHTPSFKGSMVSGYDVAVKDLVKHFAKKGEPNGKLNLITGWVNPGDVTALKHLLSEMDVDATVLFEIESFDSPLMPDKSAVSHGSTTIEDLTGTANALGTIALNRYEGGKAAQYLEDKFDVPAIIGPTPIGIRNTDTFLQNVKKLTGKPIPQSLVRERGIAIDALADLTHMFFADKKVAIYGNPDLVIGLAEFCLDLEMKPVLLLLGDDNTTYSKDPRIKELQEKVDFDMEIIWNADLWELENRIKNKGLELDLILGHSKGRWTAIDNNIPMVRVGFPTFDRAGLYRHPVVGYAGAIWLAETMANTLFTDMEYKKNKEWILNVW:MPYHTFKCSECIPEREKHAVIKGPGEDLTSCLPLGYLNTIPGTISERGCAYCGAKHVIGTPMKDVIHMVHGPVGCTYDTWHTKRYISDNDNFQLKYTWATDMKEKHVVFGGEKLLKQSIIECFKAFPDIKRMTIYQTCASALIGDDINAVAKEVMEEMPDVDIFVCNSPGFAGPSQSGGHHKINIAWINQKVGTFEPEITSPYTINYVGDYNIQGDQEVMVDYFQRMGIQVIATFTGNGSYDDLRGMHRAQLNVLECARSAEYICNELRKRYGIPRLDIDGYGFDLLSESLMKVAMFFGLEDKAQAIIDEETARWKPELDWYKKRLKGKKICLWPGGSKLWHWAHVIEEEMGVEVVSVYSKFGHQGDFEKGIARCSEGALAIDDPNELEALEAMETLKPDVIFTGVRPGEVAKKLRIPYLNIHAYHNGPYKGYEGWVRLARDLYNAIYSPIHQLSGLDISKDEIPTDKGFMTQRMISDVNINEEETTASGEREYTGKYDCVTKLRGKTYPSPSQPLSAA:MEDMMKDRVEELVDYIMKRCLWQFHSRAWDRERQNEGILTKTMQLLCGEPVDLSTPADRCYWVDAVVLANGFKRRFPWLNSMDKKDIKLLMQGLKERIDYLTITKSLNQELTDPLY:MTRKIAIYGKGGIGKSTTQQNTAAAMAHFYDKKVFIHGCDPKADSTRLILGGKPQKTLMDTLRDEGEEKITVDKVVKTGFKGIRCVESGGPEPGVGCAGRGVITAIDLMEKNGAYTDDLDFVFFDVLGDVVCGGFAMPIRDGKAQEVYIVASGEMMAIYAANNICKGLLKYAKQSGVRLGGIICNSRNVDREREFLEEFTAAIGTQMIHFVPRDNIVQKAEFNKKTVVEFDPECNQAKEYGELARKIIENKNFVIPKPLSMDELEAMVVKYGIAD:MTRKIAIYGKGGIGKSTTQQNTAAAMAHFYDKKVFIHGCDPKADSTRLILGGKPQKTLMDTLRDEGEEKITVDKVVKTGFKGIRCVESGGPEPGVGCAGRGVITAIDLMEKNGAYTDDLDFVFFDVLGDVVCGGFAMPIRDGKAQEVYIVASGEMMAIYAANNICKGLLKYAKQSGVRLGGIICNSRNVDREREFLEEFTAAIGTQMIHFVPRDNIVQKAEFNKKTVVEFDPECNQAKEYGELARKIIENKNFVIPKPLSMDELEAMVVKYGIAD,1647,5
